-- Creación de la tabla Productos
CREATE TABLE Productos (
    producto_id NUMBER PRIMARY KEY,
    nombre VARCHAR2(100) NOT NULL,
    precio NUMBER(10, 2) NOT NULL,
    categoria VARCHAR2(50)
);

-- Creación de la tabla Clientes
CREATE TABLE Clientes (
    cliente_id NUMBER PRIMARY KEY,
    nombre VARCHAR2(100) NOT NULL,
    fecha_registro DATE DEFAULT SYSDATE,
    ciudad VARCHAR2(50)
);
-- Creación de la tabla Ventas
CREATE TABLE Ventas (
    venta_id NUMBER PRIMARY KEY,
    producto_id NUMBER NOT NULL,
    cliente_id NUMBER NOT NULL,
    fecha DATE DEFAULT SYSDATE,
    cantidad NUMBER NOT NULL,
    -- Definición de claves foráneas
    CONSTRAINT fk_producto FOREIGN KEY (producto_id) REFERENCES Productos(producto_id),
    CONSTRAINT fk_cliente FOREIGN KEY (cliente_id) REFERENCES Clientes(cliente_id)
);

-- Poblamiento de la tabla Productos
INSERT INTO Productos (producto_id, nombre, precio, categoria) VALUES (1, 'Laptop', 1500.00, 'Electrónica');
INSERT INTO Productos (producto_id, nombre, precio, categoria) VALUES (2, 'Teléfono', 800.00, 'Electrónica');
INSERT INTO Productos (producto_id, nombre, precio, categoria) VALUES (3, 'Teclado', 30.00, 'Accesorios');
INSERT INTO Productos (producto_id, nombre, precio, categoria) VALUES (4, 'Monitor', 200.00, 'Electrónica');
INSERT INTO Productos (producto_id, nombre, precio, categoria) VALUES (5, 'Impresora', 120.00, 'Oficina');
INSERT INTO Productos (producto_id, nombre, precio, categoria) VALUES (6, 'Mouse', 25.00, 'Accesorios');
INSERT INTO Productos (producto_id, nombre, precio, categoria) VALUES (7, 'Cámara', 300.00, 'Fotografía');
INSERT INTO Productos (producto_id, nombre, precio, categoria) VALUES (8, 'Auriculares', 50.00, 'Accesorios');
INSERT INTO Productos (producto_id, nombre, precio, categoria) VALUES (9, 'Tablet', 350.00, 'Electrónica');
INSERT INTO Productos (producto_id, nombre, precio, categoria) VALUES (10, 'Bocinas', 75.00, 'Audio');
INSERT INTO Productos (producto_id, nombre, precio, categoria) VALUES (11, 'Disco Duro', 100.00, 'Almacenamiento');
INSERT INTO Productos (producto_id, nombre, precio, categoria) VALUES (12, 'Memoria USB', 15.00, 'Almacenamiento');
INSERT INTO Productos (producto_id, nombre, precio, categoria) VALUES (13, 'Router', 60.00, 'Redes');
INSERT INTO Productos (producto_id, nombre, precio, categoria) VALUES (14, 'Cargador', 20.00, 'Accesorios');
INSERT INTO Productos (producto_id, nombre, precio, categoria) VALUES (15, 'Laptop Gamer', 2500.00, 'Electrónica');
INSERT INTO Productos (producto_id, nombre, precio, categoria) VALUES (16, 'Silla de Oficina', 100.00, 'Oficina');
INSERT INTO Productos (producto_id, nombre, precio, categoria) VALUES (17, 'Proyector', 450.00, 'Oficina');
INSERT INTO Productos (producto_id, nombre, precio, categoria) VALUES (18, 'Microondas', 90.00, 'Hogar');
INSERT INTO Productos (producto_id, nombre, precio, categoria) VALUES (19, 'Refrigerador', 800.00, 'Hogar');
INSERT INTO Productos (producto_id, nombre, precio, categoria) VALUES (20, 'Ventilador', 40.00, 'Hogar');

-- Poblamiento de la tabla Clientes
INSERT INTO Clientes (cliente_id, nombre, fecha_registro, ciudad) VALUES (1, 'Juan Pérez', TO_DATE('2023-01-15', 'YYYY-MM-DD'), 'Santiago');
INSERT INTO Clientes (cliente_id, nombre, fecha_registro, ciudad) VALUES (2, 'María López', TO_DATE('2023-02-20', 'YYYY-MM-DD'), 'Valparaíso');
INSERT INTO Clientes (cliente_id, nombre, fecha_registro, ciudad) VALUES (3, 'Carlos Díaz', TO_DATE('2023-03-05', 'YYYY-MM-DD'), 'Concepción');
INSERT INTO Clientes (cliente_id, nombre, fecha_registro, ciudad) VALUES (4, 'Ana González', TO_DATE('2023-04-18', 'YYYY-MM-DD'), 'La Serena');
INSERT INTO Clientes (cliente_id, nombre, fecha_registro, ciudad) VALUES (5, 'Pedro Morales', TO_DATE('2023-05-23', 'YYYY-MM-DD'), 'Antofagasta');
INSERT INTO Clientes (cliente_id, nombre, fecha_registro, ciudad) VALUES (6, 'Sofía Ramírez', TO_DATE('2023-06-10', 'YYYY-MM-DD'), 'Rancagua');
INSERT INTO Clientes (cliente_id, nombre, fecha_registro, ciudad) VALUES (7, 'Felipe Castillo', TO_DATE('2023-07-01', 'YYYY-MM-DD'), 'Temuco');
INSERT INTO Clientes (cliente_id, nombre, fecha_registro, ciudad) VALUES (8, 'Lorena Soto', TO_DATE('2023-08-15', 'YYYY-MM-DD'), 'Iquique');
INSERT INTO Clientes (cliente_id, nombre, fecha_registro, ciudad) VALUES (9, 'Gonzalo Herrera', TO_DATE('2023-09-07', 'YYYY-MM-DD'), 'Copiapó');
INSERT INTO Clientes (cliente_id, nombre, fecha_registro, ciudad) VALUES (10, 'Patricia Figueroa', TO_DATE('2023-10-02', 'YYYY-MM-DD'), 'Chillán');
INSERT INTO Clientes (cliente_id, nombre, fecha_registro, ciudad) VALUES (11, 'Diego Fuentes', TO_DATE('2023-01-30', 'YYYY-MM-DD'), 'Osorno');
INSERT INTO Clientes (cliente_id, nombre, fecha_registro, ciudad) VALUES (12, 'Natalia Vargas', TO_DATE('2023-02-12', 'YYYY-MM-DD'), 'Puerto Montt');
INSERT INTO Clientes (cliente_id, nombre, fecha_registro, ciudad) VALUES (13, 'Esteban Martínez', TO_DATE('2023-03-19', 'YYYY-MM-DD'), 'Arica');
INSERT INTO Clientes (cliente_id, nombre, fecha_registro, ciudad) VALUES (14, 'Verónica Tapia', TO_DATE('2023-04-25', 'YYYY-MM-DD'), 'Coyhaique');
INSERT INTO Clientes (cliente_id, nombre, fecha_registro, ciudad) VALUES (15, 'Andrés Paredes', TO_DATE('2023-05-15', 'YYYY-MM-DD'), 'Punta Arenas');
INSERT INTO Clientes (cliente_id, nombre, fecha_registro, ciudad) VALUES (16, 'Camila Flores', TO_DATE('2023-06-22', 'YYYY-MM-DD'), 'Talca');
INSERT INTO Clientes (cliente_id, nombre, fecha_registro, ciudad) VALUES (17, 'Jorge Salinas', TO_DATE('2023-07-10', 'YYYY-MM-DD'), 'Quillota');
INSERT INTO Clientes (cliente_id, nombre, fecha_registro, ciudad) VALUES (18, 'Paulina Rojas', TO_DATE('2023-08-05', 'YYYY-MM-DD'), 'Calama');
INSERT INTO Clientes (cliente_id, nombre, fecha_registro, ciudad) VALUES (19, 'Ricardo Vargas', TO_DATE('2023-09-20', 'YYYY-MM-DD'), 'Viña del Mar');
INSERT INTO Clientes (cliente_id, nombre, fecha_registro, ciudad) VALUES (20, 'Tamara Fernández', TO_DATE('2023-10-15', 'YYYY-MM-DD'), 'Arica');

-- Poblamiento de la tabla Ventas
INSERT INTO Ventas (venta_id, producto_id, cliente_id, fecha, cantidad) VALUES (1, 1, 1, TO_DATE('2023-02-15', 'YYYY-MM-DD'), 2);
INSERT INTO Ventas (venta_id, producto_id, cliente_id, fecha, cantidad) VALUES (2, 2, 3, TO_DATE('2023-03-10', 'YYYY-MM-DD'), 1);
INSERT INTO Ventas (venta_id, producto_id, cliente_id, fecha, cantidad) VALUES (3, 5, 2, TO_DATE('2023-05-07', 'YYYY-MM-DD'), 3);
INSERT INTO Ventas (venta_id, producto_id, cliente_id, fecha, cantidad) VALUES (4, 3, 4, TO_DATE('2023-04-20', 'YYYY-MM-DD'), 1);
INSERT INTO Ventas (venta_id, producto_id, cliente_id, fecha, cantidad) VALUES (5, 4, 5, TO_DATE('2023-06-01', 'YYYY-MM-DD'), 2);
INSERT INTO Ventas (venta_id, producto_id, cliente_id, fecha, cantidad) VALUES (6, 6, 6, TO_DATE('2023-07-15', 'YYYY-MM-DD'), 1);
INSERT INTO Ventas (venta_id, producto_id, cliente_id, fecha, cantidad) VALUES (7, 7, 7, TO_DATE('2023-08-20', 'YYYY-MM-DD'), 4);
INSERT INTO Ventas (venta_id, producto_id, cliente_id, fecha, cantidad) VALUES (8, 8, 8, TO_DATE('2023-09-10', 'YYYY-MM-DD'), 3);
INSERT INTO Ventas (venta_id, producto_id, cliente_id, fecha, cantidad) VALUES (9, 9, 9, TO_DATE('2023-10-01', 'YYYY-MM-DD'), 1);
INSERT INTO Ventas (venta_id, producto_id, cliente_id, fecha, cantidad) VALUES (10, 10, 10, TO_DATE('2023-11-05', 'YYYY-MM-DD'), 2);
INSERT INTO Ventas (venta_id, producto_id, cliente_id, fecha, cantidad) VALUES (11, 11, 11, TO_DATE('2023-11-05', 'YYYY-MM-DD'), 2);
INSERT INTO Ventas (venta_id, producto_id, cliente_id, fecha, cantidad) VALUES (12, 12, 12, TO_DATE('2023-12-01', 'YYYY-MM-DD'), 5);
INSERT INTO Ventas (venta_id, producto_id, cliente_id, fecha, cantidad) VALUES (13, 13, 13, TO_DATE('2023-10-12', 'YYYY-MM-DD'), 1);
INSERT INTO Ventas (venta_id, producto_id, cliente_id, fecha, cantidad) VALUES (14, 14, 14, TO_DATE('2023-09-25', 'YYYY-MM-DD'), 3);
INSERT INTO Ventas (venta_id, producto_id, cliente_id, fecha, cantidad) VALUES (15, 15, 15, TO_DATE('2023-08-20', 'YYYY-MM-DD'), 1);
INSERT INTO Ventas (venta_id, producto_id, cliente_id, fecha, cantidad) VALUES (16, 16, 16, TO_DATE('2023-07-30', 'YYYY-MM-DD'), 4);
INSERT INTO Ventas (venta_id, producto_id, cliente_id, fecha, cantidad) VALUES (17, 17, 17, TO_DATE('2023-06-21', 'YYYY-MM-DD'), 2);
INSERT INTO Ventas (venta_id, producto_id, cliente_id, fecha, cantidad) VALUES (18, 18, 18, TO_DATE('2023-05-19', 'YYYY-MM-DD'), 6);
INSERT INTO Ventas (venta_id, producto_id, cliente_id, fecha, cantidad) VALUES (19, 19, 19, TO_DATE('2023-04-11', 'YYYY-MM-DD'), 3);
INSERT INTO Ventas (venta_id, producto_id, cliente_id, fecha, cantidad) VALUES (20, 20, 20, TO_DATE('2023-03-15', 'YYYY-MM-DD'), 2);

COMMIT;

-- CASO 1

-- Lista el nombre de cada producto agrupado por categoría. 
-- Ordena los resultados por precio de mayor a menor
SELECT nombre, categoria, precio
FROM Productos
ORDER BY categoria, precio DESC;


-- Calcula el promedio de ventas mensuales (en cantidad de productos) 
-- Muestra el mes y año con mayores ventas.
SELECT
    TO_CHAR(fecha, 'MONTH') AS "Mes",
    TO_CHAR(fecha, 'YYYY') AS "Año",
    SUM(cantidad) AS "Total Ventas",
    AVG(cantidad) AS "Promedio Ventas"
FROM
    Ventas
GROUP BY TO_CHAR(fecha, 'MONTH'), TO_CHAR(fecha, 'YYYY')
ORDER BY "Total Ventas" DESC;


-- Encuentra el ID del cliente que ha gastado más dinero en compras durante el último año.
-- Asegúrate de considerar clientes que se registraron hace menos de un año
SELECT c.cliente_id AS "ID cliente", c.nombre AS "Nombre", c.fecha_registro AS "Fecha de registro", v.cantidad*p.precio AS "Gasto cliente"
FROM Clientes c
    INNER JOIN Ventas v ON c.cliente_id = v.cliente_id
    INNER JOIN Productos p ON v.producto_id = p.producto_id
    WHERE v.fecha >= ADD_MONTHS(SYSDATE, -12)
    AND c.fecha_registro >= ADD_MONTHS(SYSDATE, -12);
    

    
-- CASO 2

CREATE TABLE Empleados (
    empleado_id NUMBER PRIMARY KEY,
    nombre VARCHAR2(255),
    departamento VARCHAR2(100),
    fecha_contratacion DATE,
    salario NUMBER(10, 2)
);

CREATE SEQUENCE empleado_seq START WITH 1;
BEGIN
    INSERT INTO Empleados (empleado_id, nombre, departamento, fecha_contratacion, salario) 
    VALUES(empleado_seq.NEXTVAL, 'Carlos Martínez', 'Finanzas', TO_DATE('2010-04-01', 'YYYY-MM-DD'), 3000);
    INSERT INTO Empleados (empleado_id, nombre, departamento, fecha_contratacion, salario) 
    VALUES(empleado_seq.NEXTVAL, 'María López', 'Recursos Humanos', TO_DATE('2012-07-15', 'YYYY-MM-DD'),2500);
END;
    
    
    
-- Determina el salario promedio, el salario máximo y el salario mínimo por departamento.
SELECT 
    departamento,
    AVG(salario) AS "Salario Promedio", 
    MAX(salario) AS "Salario Máximo", 
    MIN(salario) AS "Salario Mínimo"
FROM Empleados
GROUP BY departamento
ORDER BY departamento ASC;


-- Utilizando funciones de grupo, encuentra el salario más alto en cada departamento.
SELECT
    departamento,
    MAX(salario) AS "Salario Máximo"
FROM Empleados
GROUP BY departamento
ORDER BY "Salario Máximo" DESC;


-- Calcula la antigüedad en años de cada empleado
-- Muestra aquellos con más de 10 años en la empresa   
SELECT
    nombre, fecha_contratacion AS "Fecha de contratación",
    FLOOR(MONTHS_BETWEEN(SYSDATE, fecha_contratacion) / 12) AS "Años en la empresa"
FROM Empleados
WHERE FLOOR(MONTHS_BETWEEN(SYSDATE, fecha_contratacion) / 12) > 10
ORDER BY "Años en la empresa" DESC;
   
